food_number,name_pt,name_en,status,note
1,"Arroz, integral, cozido","Rice, brown, cooked",draft,
2,"Arroz, integral, cru","Rice, brown, raw",draft,
3,"Arroz, tipo 1, cozido","Rice, white, type 1, cooked",draft,tipo 1 and tipo 2 are Brazilian commercial grades of polished rice
4,"Arroz, tipo 1, cru","Rice, white, type 1, raw",draft,tipo 1 and tipo 2 are Brazilian commercial grades of polished rice
5,"Arroz, tipo 2, cozido","Rice, white, type 2, cooked",draft,tipo 1 and tipo 2 are Brazilian commercial grades of polished rice
6,"Arroz, tipo 2, cru","Rice, white, type 2, raw",draft,tipo 1 and tipo 2 are Brazilian commercial grades of polished rice
7,"Aveia, flocos, crua","Oats, rolled, raw",draft,
8,"Biscoito, doce, maisena","Biscuit, sweet, cornstarch (maisena)",draft,
9,"Biscoito, doce, recheado com chocolate","Biscuit, sweet, chocolate filled",draft,
10,"Biscoito, doce, recheado com morango","Biscuit, sweet, strawberry filled",draft,
11,"Biscoito, doce, wafer, recheado de chocolate","Biscuit, sweet, wafer, chocolate filled",draft,
12,"Biscoito, doce, wafer, recheado de morango","Biscuit, sweet, wafer, strawberry filled",draft,
13,"Biscoito, salgado, cream cracker","Biscuit, savoury, cream cracker",draft,
14,"Bolo, mistura para","Cake, mix",draft,
15,"Bolo, pronto, aipim","Cake, ready to eat, cassava (aipim)",draft,
16,"Bolo, pronto, chocolate","Cake, ready to eat, chocolate",draft,
17,"Bolo, pronto, coco","Cake, ready to eat, coconut",draft,
18,"Bolo, pronto, milho","Cake, ready to eat, corn",draft,
19,"Canjica, branca, crua","Hominy, white (canjica), raw",draft,
20,"Canjica, com leite integral","Canjica (hominy pudding), with whole milk",draft,
21,"Cereais, milho, flocos, com sal","Cereal, corn flakes, with salt",draft,
22,"Cereais, milho, flocos, sem sal","Cereal, corn flakes, without salt",draft,
23,"Cereais, mingau, milho, infantil","Cereal, porridge, corn, for infants",draft,
24,"Cereais, mistura para vitamina, trigo, cevada e aveia","Cereal, mix for milk smoothies (vitamina), wheat, barley and oats",draft,
25,"Cereal matinal, milho","Breakfast cereal, corn",draft,
26,"Cereal matinal, milho, açúcar","Breakfast cereal, corn, sugared",draft,
27,"Creme de arroz, pó","Rice cream, powder",draft,
28,"Creme de milho, pó","Corn cream, powder",draft,
29,"Curau, milho verde","Curau (sweet corn pudding), green corn",draft,
30,"Curau, milho verde, mistura para","Curau (sweet corn pudding), green corn, mix",draft,
31,"Farinha, de arroz, enriquecida","Flour, rice, enriched",draft,
32,"Farinha, de centeio, integral","Flour, rye, wholemeal",draft,
33,"Farinha, de milho, amarela","Flour, corn, yellow",draft,
34,"Farinha, de rosca",Breadcrumbs (farinha de rosca),draft,
35,"Farinha, de trigo","Flour, wheat",draft,
36,"Farinha, láctea, de cereais",Cereal flour with milk (farinha láctea),draft,
37,"Lasanha, massa fresca, cozida","Lasagne, fresh pasta, cooked",draft,
38,"Lasanha, massa fresca, crua","Lasagne, fresh pasta, raw",draft,
39,"Macarrão, instantâneo","Noodles, instant",draft,
40,"Macarrão, trigo, cru","Pasta, wheat, raw",draft,
41,"Macarrão, trigo, cru, com ovos","Pasta, wheat, raw, with eggs",draft,
42,"Milho, amido, cru","Corn, starch, raw",draft,
43,"Milho, fubá, cru","Corn, meal (fubá), raw",draft,
44,"Milho, verde, cru","Corn, sweet (milho verde), raw",draft,
45,"Milho, verde, enlatado, drenado","Corn, sweet (milho verde), canned, drained",draft,
46,"Mingau tradicional, pó","Porridge mix, traditional, powder",draft,
47,"Pamonha, barra para cozimento, pré-cozida","Pamonha (sweet corn tamale), bar for cooking, precooked",draft,
48,"Pão, aveia, forma","Bread, oat, sandwich loaf",draft,
49,"Pão, de soja","Bread, soy",draft,
50,"Pão, glúten, forma","Bread, gluten, sandwich loaf",draft,
51,"Pão, milho, forma","Bread, corn, sandwich loaf",draft,
52,"Pão, trigo, forma, integral","Bread, wheat, sandwich loaf, wholemeal",draft,
53,"Pão, trigo, francês","Bread, wheat, French roll (pão francês)",draft,
54,"Pão, trigo, sovado","Bread, wheat, sovado (dense kneaded roll)",draft,
55,"Pastel, de carne, cru","Pastel (pastry turnover), beef filling, raw",draft,
56,"Pastel, de carne, frito","Pastel (pastry turnover), beef filling, fried",draft,
57,"Pastel, de queijo, cru","Pastel (pastry turnover), cheese filling, raw",draft,
58,"Pastel, de queijo, frito","Pastel (pastry turnover), cheese filling, fried",draft,
59,"Pastel, massa, crua","Pastel (pastry turnover), dough, raw",draft,
60,"Pastel, massa, frita","Pastel (pastry turnover), dough, fried",draft,
61,"Pipoca, com óleo de soja, sem sal","Popcorn, with soybean oil, without salt",draft,
62,"Polenta, pré-cozida","Polenta, precooked",draft,
63,"Torrada, pão francês","Toast, French roll",draft,
64,"Abóbora, cabotian, cozida","Squash, kabocha (cabotian), cooked",draft,
65,"Abóbora, cabotian, crua","Squash, kabocha (cabotian), raw",draft,
66,"Abóbora, menina brasileira, crua","Squash, menina brasileira, raw",draft,a Brazilian Cucurbita moschata variety
67,"Abóbora, moranga, crua","Squash, moranga, raw",draft,moranga is a Cucurbita maxima pumpkin
68,"Abóbora, moranga, refogada","Squash, moranga, sauteed",draft,moranga is a Cucurbita maxima pumpkin
69,"Abóbora, pescoço, crua","Squash, pescoço (crookneck), raw",draft,
70,"Abobrinha, italiana, cozida","Zucchini, Italian, cooked",draft,
71,"Abobrinha, italiana, crua","Zucchini, Italian, raw",draft,
72,"Abobrinha, italiana, refogada","Zucchini, Italian, sauteed",draft,
73,"Abobrinha, paulista, crua","Zucchini, paulista, raw",draft,a light green Brazilian variety
74,"Acelga, crua","Chard (acelga), raw",draft,in Brazilian markets acelga can also mean Chinese cabbage; aligned to Swiss chard
75,"Agrião, cru","Watercress, raw",draft,
76,"Aipo, cru","Celery, raw",draft,
77,"Alface, americana, crua","Lettuce, iceberg, raw",draft,
78,"Alface, crespa, crua","Lettuce, curly leaf (crespa), raw",draft,
79,"Alface, lisa, crua","Lettuce, butterhead (lisa), raw",draft,
80,"Alface, roxa, crua","Lettuce, red leaf, raw",draft,
81,"Alfavaca, crua","Basil, alfavaca, raw",draft,
82,"Alho, cru","Garlic, raw",draft,
83,"Alho-poró, cru","Leek, raw",draft,
84,"Almeirão, cru","Chicory leaves (almeirão), raw",draft,
85,"Almeirão, refogado","Chicory leaves (almeirão), sauteed",draft,
86,"Batata, baroa, cozida","Arracacha (batata baroa), cooked",draft,
87,"Batata, baroa, crua","Arracacha (batata baroa), raw",draft,
88,"Batata, doce, cozida","Sweet potato, cooked",draft,
89,"Batata, doce, crua","Sweet potato, raw",draft,
90,"Batata, frita, tipo chips, industrializada","Potato, crisps, industrialised",draft,
91,"Batata, inglesa, cozida","Potato, cooked",draft,batata inglesa is the common potato
92,"Batata, inglesa, crua","Potato, raw",draft,batata inglesa is the common potato
93,"Batata, inglesa, frita","Potato, fried",draft,batata inglesa is the common potato
94,"Batata, inglesa, sauté","Potato, sauteed",draft,batata inglesa is the common potato
95,"Berinjela, cozida","Eggplant, cooked",draft,
96,"Berinjela, crua","Eggplant, raw",draft,
97,"Beterraba, cozida","Beet, cooked",draft,
98,"Beterraba, crua","Beet, raw",draft,
99,"Biscoito, polvilho doce","Biscuit, sweet cassava starch (polvilho doce)",draft,
100,"Brócolis, cozido","Broccoli, cooked",draft,
101,"Brócolis, cru","Broccoli, raw",draft,
102,"Cará, cozido","Yam (cará), cooked",draft,
103,"Cará, cru","Yam (cará), raw",draft,
104,"Caruru, cru","Amaranth leaves (caruru), raw",draft,
105,"Catalonha, crua","Chicory, catalonha, raw",draft,
106,"Catalonha, refogada","Chicory, catalonha, sauteed",draft,
107,"Cebola, crua","Onion, raw",draft,
108,"Cebolinha, crua","Green onion (cebolinha), raw",draft,
109,"Cenoura, cozida","Carrot, cooked",draft,
110,"Cenoura, crua","Carrot, raw",draft,
111,"Chicória, crua","Endive (chicória), raw",draft,
112,"Chuchu, cozido","Chayote, cooked",draft,
113,"Chuchu, cru","Chayote, raw",draft,
114,"Coentro, folhas desidratadas","Coriander, leaves, dehydrated",draft,
115,"Couve, manteiga, crua","Collard greens (couve manteiga), raw",draft,
116,"Couve, manteiga, refogada","Collard greens (couve manteiga), sauteed",draft,
117,"Couve-flor, crua","Cauliflower, raw",draft,
118,"Couve-flor, cozida","Cauliflower, cooked",draft,
119,"Espinafre, Nova Zelândia, cru","Spinach, New Zealand, raw",draft,
120,"Espinafre, Nova Zelândia, refogado","Spinach, New Zealand, sauteed",draft,
121,"Farinha, de mandioca, crua","Flour, cassava, raw",draft,
122,"Farinha, de mandioca, torrada","Flour, cassava, toasted",draft,
123,"Farinha, de puba","Flour, puba (fermented cassava)",draft,
124,"Fécula, de mandioca","Starch, cassava",draft,
125,"Feijão, broto, cru","Bean sprouts, raw",draft,
126,"Inhame, cru","Yam (inhame), raw",draft,inhame names different tubers in different regions of Brazil (Dioscorea or Colocasia)
127,"Jiló, cru","Jiló (scarlet eggplant), raw",draft,
128,"Jurubeba, crua","Jurubeba (Solanum paniculatum), raw",draft,
129,"Mandioca, cozida","Cassava, cooked",draft,
130,"Mandioca, crua","Cassava, raw",draft,
131,"Mandioca, farofa, temperada","Farofa (toasted cassava flour), seasoned",draft,
132,"Mandioca, frita","Cassava, fried",draft,
133,"Manjericão, cru","Basil, raw",draft,
134,"Maxixe, cru","Maxixe (West Indian gherkin), raw",draft,
135,"Mostarda, folha, crua","Mustard greens, raw",draft,
136,"Nhoque, batata, cozido","Gnocchi, potato, cooked",draft,
137,"Nabo, cru","Turnip, raw",draft,
138,"Palmito, juçara, em conserva","Heart of palm, juçara, canned",draft,
139,"Palmito, pupunha, em conserva","Heart of palm, pupunha (peach palm), canned",draft,
140,"Pão, de queijo, assado","Pão de queijo (cheese bread), baked",draft,
141,"Pão, de queijo, cru","Pão de queijo (cheese bread), raw",draft,
142,"Pepino, cru","Cucumber, raw",draft,
143,"Pimentão, amarelo, cru","Bell pepper, yellow, raw",draft,
144,"Pimentão, verde, cru","Bell pepper, green, raw",draft,
145,"Pimentão, vermelho, cru","Bell pepper, red, raw",draft,
146,"Polvilho, doce","Cassava starch, sweet (polvilho doce)",draft,
147,"Quiabo, cru","Okra, raw",draft,
148,"Rabanete, cru","Radish, raw",draft,
149,"Repolho, branco, cru","Cabbage, white, raw",draft,
150,"Repolho, roxo, cru","Cabbage, red, raw",draft,
151,"Repolho, roxo, refogado","Cabbage, red, sauteed",draft,
152,"Rúcula, crua","Arugula, raw",draft,
153,"Salsa, crua","Parsley, raw",draft,
154,"Seleta de legumes, enlatada","Mixed vegetables (seleta de legumes), canned",draft,
155,"Serralha, crua","Sow thistle (serralha), raw",draft,
156,"Taioba, crua","Taioba (Xanthosoma leaves), raw",draft,
157,"Tomate, com semente, cru","Tomato, with seeds, raw",draft,
158,"Tomate, extrato","Tomato, paste",draft,
159,"Tomate, molho industrializado","Tomato, sauce, industrialised",draft,
160,"Tomate, purê","Tomato, puree",draft,
161,"Tomate, salada","Tomato, salad type",draft,
162,"Vagem, crua","Green beans (vagem), raw",draft,
163,"Abacate, cru","Avocado, raw",draft,
164,"Abacaxi, cru","Pineapple, raw",draft,
165,"Abacaxi, polpa, congelada","Pineapple, pulp, frozen",draft,
166,"Abiu, cru","Abiu, raw",draft,
167,"Açaí, polpa, com xarope de guaraná e glucose","Açaí, pulp, with guaraná syrup and glucose",draft,
168,"Açaí, polpa, congelada","Açaí, pulp, frozen",draft,
169,"Acerola, crua","Acerola, raw",draft,
170,"Acerola, polpa, congelada","Acerola, pulp, frozen",draft,
171,"Ameixa, calda, enlatada","Plum, canned in syrup",draft,
172,"Ameixa, crua","Plum, raw",draft,
173,"Ameixa, em calda, enlatada, drenada","Plum, canned in syrup, drained",draft,
174,"Atemóia, crua","Atemoya, raw",draft,
175,"Banana, da terra, crua","Plantain (banana da terra), raw",draft,
176,"Banana, doce em barra","Banana, sweet paste bar",draft,
177,"Banana, figo, crua","Banana, figo, raw",draft,
178,"Banana, maçã, crua","Banana, maçã, raw",draft,
179,"Banana, nanica, crua","Banana, nanica (Cavendish type), raw",draft,
180,"Banana, ouro, crua","Banana, ouro, raw",draft,
181,"Banana, pacova, crua","Banana, pacova (plantain type), raw",draft,
182,"Banana, prata, crua","Banana, prata, raw",draft,
183,"Cacau, cru","Cacao fruit, raw",draft,
184,"Cajá-Manga, cru","Ambarella (cajá-manga), raw",draft,
185,"Cajá, polpa, congelada","Yellow mombin (cajá), pulp, frozen",draft,
186,"Caju, cru","Cashew apple, raw",draft,
187,"Caju, polpa, congelada","Cashew apple, pulp, frozen",draft,
188,"Caju, suco concentrado, envasado","Cashew apple, juice concentrate, bottled",draft,
189,"Caqui, chocolate, cru","Persimmon, chocolate, raw",draft,
190,"Carambola, crua","Star fruit, raw",draft,
191,"Ciriguela, crua","Red mombin (ciriguela), raw",draft,
192,"Cupuaçu, cru","Cupuaçu, raw",draft,
193,"Cupuaçu, polpa, congelada","Cupuaçu, pulp, frozen",draft,
194,"Figo, cru","Fig, raw",draft,
195,"Figo, enlatado, em calda","Fig, canned in syrup",draft,
196,"Fruta-pão, crua","Breadfruit, raw",draft,
197,"Goiaba, branca, com casca, crua","Guava, white, with peel, raw",draft,
198,"Goiaba, doce em pasta","Guava, sweet paste (goiabada)",draft,
199,"Goiaba, doce, cascão","Guava, sweet paste with peel (cascão)",draft,
200,"Goiaba, vermelha, com casca, crua","Guava, red, with peel, raw",draft,
201,"Graviola, crua","Soursop, raw",draft,
202,"Graviola, polpa, congelada","Soursop, pulp, frozen",draft,
203,"Jabuticaba, crua","Jabuticaba, raw",draft,
204,"Jaca, crua","Jackfruit, raw",draft,
205,"Jambo, cru","Rose apple (jambo), raw",draft,"jambo in Brazil is usually the Malay apple, Syzygium malaccense; TACO gives no species"
206,"Jamelão, cru","Jambolan (jamelão), raw",draft,
207,"Kiwi, cru","Kiwi, raw",draft,
208,"Laranja, baía, crua","Orange, navel (baía), raw",draft,
209,"Laranja, baía, suco","Orange, navel (baía), juice",draft,
210,"Laranja, da terra, crua","Orange, sour (da terra), raw",draft,
211,"Laranja, da terra, suco","Orange, sour (da terra), juice",draft,
212,"Laranja, lima, crua","Orange, lima (acidless), raw",draft,"laranja lima is a sweet, low-acid orange, not a lime"
213,"Laranja, lima, suco","Orange, lima (acidless), juice",draft,"laranja lima is a sweet, low-acid orange, not a lime"
214,"Laranja, pêra, crua","Orange, pera, raw",draft,
215,"Laranja, pêra, suco","Orange, pera, juice",draft,
216,"Laranja, valência, crua","Orange, valencia, raw",draft,
217,"Laranja, valência, suco","Orange, valencia, juice",draft,
218,"Limão, cravo, suco","Rangpur lime (limão cravo), juice",draft,
219,"Limão, galego, suco","Key lime (limão galego), juice",draft,
220,"Limão, tahiti, cru","Lime, Tahiti, raw",draft,
221,"Maçã, Argentina, com casca, crua","Apple, Argentina, with peel, raw",draft,the cultivar sold as maçã Argentina is not stated by TACO
222,"Maçã, Fuji, com casca, crua","Apple, Fuji, with peel, raw",draft,
223,"Macaúba, crua","Macaúba (macaw palm fruit), raw",draft,
224,"Mamão, doce em calda, drenado","Papaya, sweet in syrup, drained",draft,
225,"Mamão, Formosa, cru","Papaya, Formosa, raw",draft,
226,"Mamão, Papaia, cru","Papaya, Solo (papaia), raw",draft,
227,"Mamão verde, doce em calda, drenado","Papaya, green, sweet in syrup, drained",draft,
228,"Manga, Haden, crua","Mango, Haden, raw",draft,
229,"Manga, Palmer, crua","Mango, Palmer, raw",draft,
230,"Manga, polpa, congelada","Mango, pulp, frozen",draft,
231,"Manga, Tommy Atkins, crua","Mango, Tommy Atkins, raw",draft,
232,"Maracujá, cru","Passion fruit, raw",draft,
233,"Maracujá, polpa, congelada","Passion fruit, pulp, frozen",draft,
234,"Maracujá, suco concentrado, envasado","Passion fruit, juice concentrate, bottled",draft,
235,"Melancia, crua","Watermelon, raw",draft,
236,"Melão, cru","Melon, raw",draft,
237,"Mexerica, Murcote, crua","Tangerine, Murcott, raw",draft,
238,"Mexerica, Rio, crua","Tangerine, Rio, raw",draft,
239,"Morango, cru","Strawberry, raw",draft,
240,"Nêspera, crua","Loquat, raw",draft,
241,"Pequi, cru","Pequi, raw",draft,
242,"Pêra, Park, crua","Pear, Park, raw",draft,
243,"Pêra, Williams, crua","Pear, Williams, raw",draft,
244,"Pêssego, Aurora, cru","Peach, Aurora, raw",draft,
245,"Pêssego, enlatado, em calda","Peach, canned in syrup",draft,
246,"Pinha, crua","Sugar apple (pinha), raw",draft,
247,"Pitanga, crua","Surinam cherry (pitanga), raw",draft,
248,"Pitanga, polpa, congelada","Surinam cherry (pitanga), pulp, frozen",draft,
249,"Romã, crua","Pomegranate, raw",draft,
250,"Tamarindo, cru","Tamarind, raw",draft,
251,"Tangerina, Poncã, crua","Tangerine, Ponkan, raw",draft,
252,"Tangerina, Poncã, suco","Tangerine, Ponkan, juice",draft,
253,"Tucumã, cru","Tucumã, raw",draft,
254,"Umbu, cru","Umbu, raw",draft,
255,"Umbu, polpa, congelada","Umbu, pulp, frozen",draft,
256,"Uva, Itália, crua","Grape, Italia, raw",draft,
257,"Uva, Rubi, crua","Grape, Rubi, raw",draft,
258,"Uva, suco concentrado, envasado","Grape, juice concentrate, bottled",draft,
259,"Azeite, de dendê","Oil, palm (dendê)",draft,
260,"Azeite, de oliva, extra virgem","Oil, olive, extra virgin",draft,
261,"Manteiga, com sal","Butter, with salt",draft,
262,"Manteiga, sem sal","Butter, without salt",draft,
263,"Margarina, com óleo hidrogenado, com sal (65% de lipídeos)","Margarine, hydrogenated oil, with salt (65% fat)",draft,
264,"Margarina, com óleo hidrogenado, sem sal (80% de lipídeos)","Margarine, hydrogenated oil, without salt (80% fat)",draft,
265,"Margarina, com óleo interesterificado, com sal (65%de lipídeos)","Margarine, interesterified oil, with salt (65% fat)",draft,
266,"Margarina, com óleo interesterificado, sem sal (65% de lipídeos)","Margarine, interesterified oil, without salt (65% fat)",draft,
267,"Óleo, de babaçu","Oil, babassu",draft,
268,"Óleo, de canola","Oil, canola",draft,
269,"Óleo, de girassol","Oil, sunflower",draft,
270,"Óleo, de milho","Oil, corn",draft,
271,"Óleo, de pequi","Oil, pequi",draft,
272,"Óleo, de soja","Oil, soybean",draft,
273,"Abadejo, filé, congelado, assado","Pollock (abadejo), fillet, frozen, baked",draft,
274,"Abadejo, filé, congelado,cozido","Pollock (abadejo), fillet, frozen, cooked",draft,
275,"Abadejo, filé, congelado, cru","Pollock (abadejo), fillet, frozen, raw",draft,
276,"Abadejo, filé, congelado, grelhado","Pollock (abadejo), fillet, frozen, grilled",draft,
277,"Atum, conserva em óleo","Tuna, canned in oil",draft,
278,"Atum, fresco, cru","Tuna, fresh, raw",draft,
279,"Bacalhau, salgado, cru","Cod, salted (bacalhau), raw",draft,
280,"Bacalhau, salgado, refogado","Cod, salted (bacalhau), sauteed",draft,
281,"Cação, posta, com farinha de trigo, frita","Shark (cação), steak, with wheat flour, fried",draft,
282,"Cação, posta, cozida","Shark (cação), steak, cooked",draft,
283,"Cação, posta, crua","Shark (cação), steak, raw",draft,
284,"Camarão, Rio Grande, grande, cozido","Shrimp, Rio Grande, large, cooked",draft,
285,"Camarão, Rio Grande, grande, cru","Shrimp, Rio Grande, large, raw",draft,
286,"Camarão, Sete Barbas, sem cabeça, com casca, frito","Shrimp, sete barbas (Atlantic seabob), headless, shell on, fried",draft,
287,"Caranguejo, cozido","Crab, cooked",draft,
288,"Corimba, cru","Corimba (Prochilodus), raw",draft,
289,"Corimbatá, assado","Curimbatá (Prochilodus), baked",draft,
290,"Corimbatá, cozido","Curimbatá (Prochilodus), cooked",draft,
291,"Corvina de água doce, crua","Croaker, freshwater, raw",draft,
292,"Corvina do mar, crua","Croaker, sea, raw",draft,
293,"Corvina grande, assada","Croaker, large, baked",draft,
294,"Corvina grande, cozida","Croaker, large, cooked",draft,
295,"Dourada de água doce, fresca","Dourada, freshwater, fresh",draft,probably the Amazon catfish Brachyplatystoma rousseauxii; dourado (Salminus) is a different fish; TACO gives no species
296,"Lambari, congelado, cru","Lambari (Astyanax), frozen, raw",draft,
297,"Lambari, congelado, frito","Lambari (Astyanax), frozen, fried",draft,
298,"Lambari, fresco, cru","Lambari (Astyanax), fresh, raw",draft,
299,"Manjuba, com farinha de trigo, frita","Manjuba (anchovy), with wheat flour, fried",draft,
300,"Manjuba, frita","Manjuba (anchovy), fried",draft,
301,"Merluza, filé, assado","Hake, fillet, baked",draft,
302,"Merluza, filé, cru","Hake, fillet, raw",draft,
303,"Merluza, filé, frito","Hake, fillet, fried",draft,
304,"Pescada, branca, crua","Weakfish, white (pescada branca), raw",draft,
305,"Pescada, branca, frita","Weakfish, white (pescada branca), fried",draft,
306,"Pescada, filé, com farinha de trigo, frito","Weakfish (pescada), fillet, with wheat flour, fried",draft,
307,"Pescada, filé, cru","Weakfish (pescada), fillet, raw",draft,
308,"Pescada, filé, frito","Weakfish (pescada), fillet, fried",draft,
309,"Pescada, filé, molho escabeche","Weakfish (pescada), fillet, escabeche sauce",draft,
310,"Pescadinha, crua","Weakfish, small (pescadinha), raw",draft,
311,"Pintado, assado","Pintado (spotted sorubim catfish), baked",draft,
312,"Pintado, cru","Pintado (spotted sorubim catfish), raw",draft,
313,"Pintado, grelhado","Pintado (spotted sorubim catfish), grilled",draft,
314,"Porquinho, cru","Triggerfish (porquinho), raw",draft,the regional name porquinho is not certainly this species
315,"Salmão, filé, com pele, fresco, grelhado","Salmon, fillet, with skin, fresh, grilled",draft,
316,"Salmão, sem pele, fresco, cru","Salmon, skinless, fresh, raw",draft,
317,"Salmão, sem pele, fresco, grelhado","Salmon, skinless, fresh, grilled",draft,
318,"Sardinha, assada","Sardine, baked",draft,
319,"Sardinha, conserva em óleo","Sardine, canned in oil",draft,
320,"Sardinha, frita","Sardine, fried",draft,
321,"Sardinha, inteira, crua","Sardine, whole, raw",draft,
322,"Tucunaré, filé, congelado, cru","Peacock bass (tucunaré), fillet, frozen, raw",draft,
323,Apresuntado,"Pressed pork, ham style (apresuntado)",draft,
324,"Caldo de carne, tablete","Bouillon, beef, cube",draft,
325,"Caldo de galinha, tablete","Bouillon, chicken, cube",draft,
326,"Carne, bovina, acém, moído, cozido","Beef, chuck (acém), ground, cooked",draft,
327,"Carne, bovina, acém, moído, cru","Beef, chuck (acém), ground, raw",draft,
328,"Carne, bovina, acém, sem gordura, cozido","Beef, chuck (acém), fat trimmed, cooked",draft,
329,"Carne, bovina, acém, sem gordura, cru","Beef, chuck (acém), fat trimmed, raw",draft,
330,"Carne, bovina, almôndegas, cruas","Beef, meatballs, raw",draft,
331,"Carne, bovina, almôndegas, fritas","Beef, meatballs, fried",draft,
332,"Carne, bovina, bucho, cozido","Beef, tripe (bucho), cooked",draft,
333,"Carne, bovina, bucho, cru","Beef, tripe (bucho), raw",draft,
334,"Carne, bovina, capa de contra-filé, com gordura, crua","Beef, ribeye cap (capa de contra-filé), with fat, raw",draft,
335,"Carne, bovina, capa de contra-filé, com gordura, grelhada","Beef, ribeye cap (capa de contra-filé), with fat, grilled",draft,
336,"Carne, bovina, capa de contra-filé, sem gordura, crua","Beef, ribeye cap (capa de contra-filé), fat trimmed, raw",draft,
337,"Carne, bovina, capa de contra-filé, sem gordura, grelhada","Beef, ribeye cap (capa de contra-filé), fat trimmed, grilled",draft,
338,"Carne, bovina, charque, cozido","Beef, charque (salted sun-dried beef), cooked",draft,
339,"Carne, bovina, charque, cru","Beef, charque (salted sun-dried beef), raw",draft,
340,"Carne, bovina, contra-filé, à milanesa","Beef, striploin (contra-filé), breaded and fried (milanesa)",draft,
341,"Carne, bovina, contra-filé de costela, cru","Beef, ribeye (contra-filé de costela), raw",draft,
342,"Carne, bovina, contra-filé de costela, grelhado","Beef, ribeye (contra-filé de costela), grilled",draft,
343,"Carne, bovina, contra-filé, com gordura, cru","Beef, striploin (contra-filé), with fat, raw",draft,
344,"Carne, bovina, contra-filé, com gordura, grelhado","Beef, striploin (contra-filé), with fat, grilled",draft,
345,"Carne, bovina, contra-filé, sem gordura, cru","Beef, striploin (contra-filé), fat trimmed, raw",draft,
346,"Carne, bovina, contra-filé, sem gordura, grelhado","Beef, striploin (contra-filé), fat trimmed, grilled",draft,
347,"Carne, bovina, costela, assada","Beef, ribs (costela), roasted",draft,
348,"Carne, bovina, costela, crua","Beef, ribs (costela), raw",draft,
349,"Carne, bovina, coxão duro, sem gordura, cozido","Beef, bottom round (coxão duro), fat trimmed, cooked",draft,
350,"Carne, bovina, coxão duro, sem gordura, cru","Beef, bottom round (coxão duro), fat trimmed, raw",draft,
351,"Carne, bovina, coxão mole, sem gordura, cozido","Beef, top round (coxão mole), fat trimmed, cooked",draft,
352,"Carne, bovina, coxão mole, sem gordura, cru","Beef, top round (coxão mole), fat trimmed, raw",draft,
353,"Carne, bovina, cupim, assado","Beef, cupim (zebu hump), roasted",draft,
354,"Carne, bovina, cupim, cru","Beef, cupim (zebu hump), raw",draft,
355,"Carne, bovina, fígado, cru","Beef, liver, raw",draft,
356,"Carne, bovina, fígado, grelhado","Beef, liver, grilled",draft,
357,"Carne, bovina, filé mingnon, sem gordura, cru","Beef, tenderloin (filé mignon), fat trimmed, raw",draft,
358,"Carne, bovina, filé mingnon, sem gordura, grelhado","Beef, tenderloin (filé mignon), fat trimmed, grilled",draft,
359,"Carne, bovina, flanco, sem gordura, cozido","Beef, flank (flanco), fat trimmed, cooked",draft,
360,"Carne, bovina, flanco, sem gordura, cru","Beef, flank (flanco), fat trimmed, raw",draft,
361,"Carne, bovina, fraldinha, com gordura, cozida","Beef, flap (fraldinha), with fat, cooked",draft,
362,"Carne, bovina, fraldinha, com gordura, crua","Beef, flap (fraldinha), with fat, raw",draft,
363,"Carne, bovina, lagarto, cozido","Beef, eye of round (lagarto), cooked",draft,
364,"Carne, bovina, lagarto, cru","Beef, eye of round (lagarto), raw",draft,
365,"Carne, bovina, língua, cozida","Beef, tongue, cooked",draft,
366,"Carne, bovina, língua, crua","Beef, tongue, raw",draft,
367,"Carne, bovina, maminha, crua","Beef, tri-tip (maminha), raw",draft,
368,"Carne, bovina, maminha, grelhada","Beef, tri-tip (maminha), grilled",draft,
369,"Carne, bovina, miolo de alcatra, sem gordura, cru","Beef, top sirloin (miolo de alcatra), fat trimmed, raw",draft,
370,"Carne, bovina, miolo de alcatra, sem gordura, grelhado","Beef, top sirloin (miolo de alcatra), fat trimmed, grilled",draft,
371,"Carne, bovina, músculo, sem gordura, cozido","Beef, shank (músculo), fat trimmed, cooked",draft,
372,"Carne, bovina, músculo, sem gordura, cru","Beef, shank (músculo), fat trimmed, raw",draft,
373,"Carne, bovina, paleta, com gordura, crua","Beef, shoulder clod (paleta), with fat, raw",draft,
374,"Carne, bovina, paleta, sem gordura, cozida","Beef, shoulder clod (paleta), fat trimmed, cooked",draft,
375,"Carne, bovina, paleta, sem gordura, crua","Beef, shoulder clod (paleta), fat trimmed, raw",draft,
376,"Carne, bovina, patinho, sem gordura, cru","Beef, knuckle (patinho), fat trimmed, raw",draft,
377,"Carne, bovina, patinho, sem gordura, grelhado","Beef, knuckle (patinho), fat trimmed, grilled",draft,
378,"Carne, bovina, peito, sem gordura, cozido","Beef, brisket (peito), fat trimmed, cooked",draft,
379,"Carne, bovina, peito, sem gordura, cru","Beef, brisket (peito), fat trimmed, raw",draft,
380,"Carne, bovina, picanha, com gordura, crua","Beef, picanha (top sirloin cap), with fat, raw",draft,
381,"Carne, bovina, picanha, com gordura, grelhada","Beef, picanha (top sirloin cap), with fat, grilled",draft,
382,"Carne, bovina, picanha, sem gordura, crua","Beef, picanha (top sirloin cap), fat trimmed, raw",draft,
383,"Carne, bovina, picanha, sem gordura, grelhada","Beef, picanha (top sirloin cap), fat trimmed, grilled",draft,
384,"Carne, bovina, seca, cozida","Beef, carne seca (salted dried beef), cooked",draft,
385,"Carne, bovina, seca, crua","Beef, carne seca (salted dried beef), raw",draft,
386,"Coxinha de frango, frita","Coxinha (chicken croquette), fried",draft,
387,"Croquete, de carne, cru","Croquette, beef, raw",draft,
388,"Croquete, de carne, frito","Croquette, beef, fried",draft,
389,"Empada de frango, pré-cozida, assada","Empada (chicken pie), precooked, baked",draft,
390,"Empada, de frango, pré-cozida","Empada (chicken pie), precooked",draft,
391,"Frango, asa, com pele, crua","Chicken, wing, with skin, raw",draft,
392,"Frango, caipira, inteiro, com pele, cozido","Chicken, free range (caipira), whole, with skin, cooked",draft,
393,"Frango, caipira, inteiro, sem pele, cozido","Chicken, free range (caipira), whole, skinless, cooked",draft,
394,"Frango, coração, cru","Chicken, heart, raw",draft,
395,"Frango, coração, grelhado","Chicken, heart, grilled",draft,
396,"Frango, coxa, com pele, assada","Chicken, drumstick, with skin, roasted",draft,
397,"Frango, coxa, com pele, crua","Chicken, drumstick, with skin, raw",draft,
398,"Frango, coxa, sem pele, cozida","Chicken, drumstick, skinless, cooked",draft,
399,"Frango, coxa, sem pele, crua","Chicken, drumstick, skinless, raw",draft,
400,"Frango, fígado, cru","Chicken, liver, raw",draft,
401,"Frango, filé, à milanesa","Chicken, fillet, breaded and fried (milanesa)",draft,
402,"Frango, inteiro, com pele, cru","Chicken, whole, with skin, raw",draft,
403,"Frango, inteiro, sem pele, assado","Chicken, whole, skinless, roasted",draft,
404,"Frango, inteiro, sem pele, cozido","Chicken, whole, skinless, cooked",draft,
405,"Frango, inteiro, sem pele, cru","Chicken, whole, skinless, raw",draft,
406,"Frango, peito, com pele, assado","Chicken, breast, with skin, roasted",draft,
407,"Frango, peito, com pele, cru","Chicken, breast, with skin, raw",draft,
408,"Frango, peito, sem pele, cozido","Chicken, breast, skinless, cooked",draft,
409,"Frango, peito, sem pele, cru","Chicken, breast, skinless, raw",draft,
410,"Frango, peito, sem pele, grelhado","Chicken, breast, skinless, grilled",draft,
411,"Frango, sobrecoxa, com pele, assada","Chicken, thigh, with skin, roasted",draft,
412,"Frango, sobrecoxa, com pele, crua","Chicken, thigh, with skin, raw",draft,
413,"Frango, sobrecoxa, sem pele, assada","Chicken, thigh, skinless, roasted",draft,
414,"Frango, sobrecoxa, sem pele, crua","Chicken, thigh, skinless, raw",draft,
415,"Hambúrguer, bovino, cru","Hamburger patty, beef, raw",draft,
416,"Hambúrguer, bovino, frito","Hamburger patty, beef, fried",draft,
417,"Hambúrguer, bovino, grelhado","Hamburger patty, beef, grilled",draft,
418,"Lingüiça, frango, crua","Sausage (linguiça), chicken, raw",draft,
419,"Lingüiça, frango, frita","Sausage (linguiça), chicken, fried",draft,
420,"Lingüiça, frango, grelhada","Sausage (linguiça), chicken, grilled",draft,
421,"Lingüiça, porco, crua","Sausage (linguiça), pork, raw",draft,
422,"Lingüiça, porco, frita","Sausage (linguiça), pork, fried",draft,
423,"Lingüiça, porco, grelhada","Sausage (linguiça), pork, grilled",draft,
424,Mortadela,Mortadella,draft,
425,"Peru, congelado, assado","Turkey, frozen, roasted",draft,
426,"Peru, congelado, cru","Turkey, frozen, raw",draft,
427,"Porco, bisteca, crua","Pork, chop (bisteca), raw",draft,
428,"Porco, bisteca, frita","Pork, chop (bisteca), fried",draft,
429,"Porco, bisteca, grelhada","Pork, chop (bisteca), grilled",draft,
430,"Porco, costela, assada","Pork, ribs, roasted",draft,
431,"Porco, costela, crua","Pork, ribs, raw",draft,
432,"Porco, lombo, assado","Pork, loin, roasted",draft,
433,"Porco, lombo, cru","Pork, loin, raw",draft,
434,"Porco, orelha, salgada, crua","Pork, ear, salted, raw",draft,
435,"Porco, pernil, assado","Pork, leg (pernil), roasted",draft,
436,"Porco, pernil, cru","Pork, leg (pernil), raw",draft,
437,"Porco, rabo, salgado, cru","Pork, tail, salted, raw",draft,
438,"Presunto, com capa de gordura","Ham, with fat cap",draft,
439,"Presunto, sem capa de gordura","Ham, without fat cap",draft,
440,"Quibe, assado","Kibbeh (quibe), baked",draft,
441,"Quibe, cru","Kibbeh (quibe), raw",draft,
442,"Quibe, frito","Kibbeh (quibe), fried",draft,
443,Salame,Salami,draft,
444,"Toucinho, cru","Pork fatback (toucinho), raw",draft,
445,"Toucinho, frito","Pork fatback (toucinho), fried",draft,
446,"Bebida láctea, pêssego","Dairy drink, peach",draft,
447,Creme de Leite,Cream (creme de leite),draft,
448,"Iogurte, natural","Yogurt, plain",draft,
449,"Iogurte, natural, desnatado","Yogurt, plain, skimmed",draft,
450,"Iogurte, sabor abacaxi","Yogurt, pineapple flavoured",draft,
451,"Iogurte, sabor morango","Yogurt, strawberry flavoured",draft,
452,"Iogurte, sabor pêssego","Yogurt, peach flavoured",draft,
453,"Leite, condensado","Milk, sweetened condensed",draft,
454,"Leite, de cabra","Milk, goat",draft,
455,"Leite, de vaca, achocolatado","Milk, cow, chocolate flavoured",draft,
456,"Leite, de vaca, desnatado, pó","Milk, cow, skimmed, powder",draft,
457,"Leite, de vaca, desnatado, UHT","Milk, cow, skimmed, UHT",draft,
458,"Leite, de vaca, integral","Milk, cow, whole",draft,
459,"Leite, de vaca, integral, pó","Milk, cow, whole, powder",draft,
460,"Leite, fermentado","Milk, fermented",draft,
461,"Queijo, minas, frescal","Cheese, minas, fresh (frescal)",draft,
462,"Queijo, minas, meia cura","Cheese, minas, semi-cured (meia cura)",draft,
463,"Queijo, mozarela","Cheese, mozzarella",draft,
464,"Queijo, parmesão","Cheese, parmesan",draft,
465,"Queijo, pasteurizado","Cheese, processed",draft,
466,"Queijo, petit suisse, morango","Cheese, petit suisse, strawberry",draft,
467,"Queijo, prato","Cheese, prato",draft,"a Brazilian semi-hard cheese, similar to Gouda"
468,"Queijo, requeijão, cremoso","Cheese, requeijão, creamy",draft,a Brazilian spreadable cheese made from curd and cream
469,"Queijo, ricota","Cheese, ricotta",draft,
470,"Bebida isotônica, sabores variados","Sports drink, assorted flavours",draft,
471,"Café, infusão 10%","Coffee, infusion 10%",draft,
472,"Cana, aguardente",Sugarcane spirit (cachaça),draft,TACO calls it aguardente de cana
473,"Cana, caldo de",Sugarcane juice,draft,
474,"Cerveja, pilsen","Beer, pilsner",draft,
475,"Chá, erva-doce, infusão 5%","Tea, fennel, infusion 5%",draft,
476,"Chá, mate, infusão 5%","Tea, mate, infusion 5%",draft,
477,"Chá, preto, infusão 5%","Tea, black, infusion 5%",draft,
478,"Coco, água de",Coconut water,draft,
479,"Refrigerante, tipo água tônica","Soft drink, tonic water",draft,
480,"Refrigerante, tipo cola","Soft drink, cola",draft,
481,"Refrigerante, tipo guaraná","Soft drink, guaraná",draft,
482,"Refrigerante, tipo laranja","Soft drink, orange",draft,
483,"Refrigerante, tipo limão","Soft drink, lemon",draft,
484,"Omelete, de queijo","Omelette, cheese",draft,
485,"Ovo, de codorna, inteiro, cru","Egg, quail, whole, raw",draft,
486,"Ovo, de galinha, clara, cozida/10minutos","Egg, chicken, white, boiled 10 minutes",draft,
487,"Ovo, de galinha, gema, cozida/10minutos","Egg, chicken, yolk, boiled 10 minutes",draft,
488,"Ovo, de galinha, inteiro, cozido/10minutos","Egg, chicken, whole, boiled 10 minutes",draft,
489,"Ovo, de galinha, inteiro, cru","Egg, chicken, whole, raw",draft,
490,"Ovo, de galinha, inteiro, frito","Egg, chicken, whole, fried",draft,
491,"Achocolatado, pó","Chocolate drink mix, powder",draft,
492,"Açúcar, cristal","Sugar, crystal",draft,
493,"Açúcar, mascavo","Sugar, muscovado (mascavo)",draft,
494,"Açúcar, refinado","Sugar, refined",draft,
495,"Chocolate, ao leite","Chocolate, milk",draft,
496,"Chocolate, ao leite, com castanha do Pará","Chocolate, milk, with Brazil nuts",draft,
497,"Chocolate, ao leite, dietético","Chocolate, milk, diet",draft,
498,"Chocolate, meio amargo","Chocolate, semisweet",draft,
499,Cocada branca,"Cocada, white (coconut candy)",draft,
500,"Doce, de abóbora, cremoso","Pumpkin sweet, creamy (doce de abóbora)",draft,
501,"Doce, de leite, cremoso","Dulce de leche, creamy (doce de leite)",draft,
502,"Geléia, mocotó, natural","Jelly, mocotó (calf's foot), plain",draft,
503,Glicose de milho,Corn syrup (glucose),draft,
504,Maria mole,Maria mole (coconut marshmallow),draft,
505,"Maria mole, coco queimado","Maria mole (coconut marshmallow), burnt coconut",draft,
506,Marmelada,Quince paste (marmelada),draft,
507,"Mel, de abelha",Honey,draft,
508,Melado,Sugarcane syrup (melado),draft,
509,Quindim,Quindim (egg yolk and coconut custard),draft,
510,Rapadura,Rapadura (unrefined cane sugar block),draft,
511,"Café, pó, torrado","Coffee, ground, roasted",draft,
512,"Capuccino, pó","Cappuccino, powder",draft,
513,"Fermento em pó, químico",Baking powder,draft,
514,"Fermento, biológico, levedura, tablete","Yeast, baker's, compressed",draft,
515,"Gelatina, sabores variados, pó","Gelatin, assorted flavours, powder",draft,
516,"Sal, dietético","Salt, low sodium",draft,
517,"Sal, grosso","Salt, coarse",draft,
518,Shoyu,Soy sauce (shoyu),draft,
519,Tempero a base de sal,Salt-based seasoning,draft,
520,"Azeitona, preta, conserva","Olive, black, preserved",draft,
521,"Azeitona, verde, conserva","Olive, green, preserved",draft,
522,"Chantilly, spray, com gordura vegetal","Whipped cream (chantilly), spray, with vegetable fat",draft,
523,"Leite, de coco",Coconut milk,draft,
524,"Maionese, tradicional com ovos","Mayonnaise, traditional, with eggs",draft,
525,Acarajé,Acarajé (black-eyed pea fritter),draft,
526,Arroz carreteiro,Arroz carreteiro (rice with charque),draft,
527,"Baião de dois, arroz e feijão-de-corda","Baião de dois (rice, cowpeas, fatback and coalho cheese)",draft,TACO protocol p. 110
528,Barreado,Barreado (slow-cooked beef stew),draft,
529,"Bife à cavalo, com contra filé","Bife à cavalo (steak with fried egg), striploin",draft,
530,Bolinho de arroz,Rice fritter (bolinho de arroz),draft,
531,Camarão à baiana,Camarão à baiana (Bahian shrimp stew),draft,
532,"Charuto, de repolho",Cabbage roll (charuto de repolho),draft,
533,"Cuscuz, de milho, cozido com sal","Cuscuz, corn, cooked with salt",draft,TACO protocol p. 122: cooked in a saucepan with stirring; steaming is not specified
534,"Cuscuz, paulista",Cuscuz paulista (São Paulo corn couscous),draft,"TACO protocol p. 123: with sardines, boiled eggs and peas"
535,"Cuxá, molho",Cuxá sauce (roselle leaf sauce),draft,
536,Dobradinha,"Dobradinha (beef tripe), boiled",draft,"TACO protocol p. 124: tripe boiled in water, nothing added"
537,Estrogonofe de carne,Beef stroganoff,draft,
538,Estrogonofe de frango,Chicken stroganoff,draft,
539,Feijão tropeiro mineiro,"Feijão tropeiro mineiro (red beans, cassava flour, egg and pork)",draft,TACO protocol p. 128: red beans (feijão roxo)
540,Feijoada,Feijoada (black bean and pork stew),draft,
541,"Frango, com açafrão",Chicken with turmeric (frango com açafrão),draft,"açafrão here is turmeric (açafrão-da-terra), not saffron"
542,"Macarrão, molho bolognesa","Pasta, bolognese sauce",draft,
543,Maniçoba,Maniçoba (cassava leaf and pork stew),draft,
544,Quibebe,Quibebe (squash with carne seca),draft,TACO protocol p. 148
545,"Salada, de legumes, com maionese","Salad, vegetables, with mayonnaise",draft,
546,"Salada, de legumes, cozida no vapor","Salad, vegetables, steamed",draft,
547,"Salpicão, de frango",Salpicão (chicken salad),draft,
548,Sarapatel,Sarapatel (pork offal stew),draft,
549,Tabule,Tabbouleh,draft,
550,Tacacá,Tacacá (tucupi soup with shrimp and jambu),draft,
551,"Tapioca, com manteiga","Tapioca crepe, with butter",draft,
552,"Tucupi, com pimenta-de-cheiro","Tucupi (cassava broth), with pimenta-de-cheiro",draft,
553,Vaca atolada,Vaca atolada (beef ribs with cassava),draft,
554,Vatapá,"Vatapá (dried shrimp, nuts, coconut milk and palm oil)",draft,"TACO protocol p. 154: thickened with wheat flour, no bread"
555,Virado à paulista,"Virado à paulista (beans with corn flour, pork and egg)",draft,TACO protocol p. 154: corn flour
556,Yakisoba,Yakisoba,draft,
557,"Amendoim, grão, cru","Peanut, kernel, raw",draft,
558,"Amendoim, torrado, salgado","Peanut, roasted, salted",draft,
559,"Ervilha, em vagem","Pea, in pod",draft,
560,"Ervilha, enlatada, drenada","Pea, canned, drained",draft,
561,"Feijão, carioca, cozido","Bean, carioca, cooked",draft,
562,"Feijão, carioca, cru","Bean, carioca, raw",draft,
563,"Feijão, fradinho, cozido","Bean, black-eyed pea (fradinho), cooked",draft,
564,"Feijão, fradinho, cru","Bean, black-eyed pea (fradinho), raw",draft,
565,"Feijão, jalo, cozido","Bean, jalo (yellow), cooked",draft,
566,"Feijão, jalo, cru","Bean, jalo (yellow), raw",draft,
567,"Feijão, preto, cozido","Bean, black, cooked",draft,
568,"Feijão, preto, cru","Bean, black, raw",draft,
569,"Feijão, rajado, cozido","Bean, rajado (speckled), cooked",draft,
570,"Feijão, rajado, cru","Bean, rajado (speckled), raw",draft,
571,"Feijão, rosinha, cozido","Bean, rosinha (pink), cooked",draft,
572,"Feijão, rosinha, cru","Bean, rosinha (pink), raw",draft,
573,"Feijão, roxo, cozido","Bean, roxo (red), cooked",draft,
574,"Feijão, roxo, cru","Bean, roxo (red), raw",draft,
575,"Grão-de-bico, cru","Chickpea, raw",draft,
576,"Guandu, cru","Pigeon pea (guandu), raw",draft,
577,"Lentilha, cozida","Lentil, cooked",draft,
578,"Lentilha, crua","Lentil, raw",draft,
579,"Paçoca, amendoim",Paçoca (peanut candy),draft,
580,"Pé-de-moleque, amendoim",Pé-de-moleque (peanut brittle),draft,
581,"Soja, farinha","Soy, flour",draft,
582,"Soja, extrato solúvel, natural, fluido","Soy, drink (extrato solúvel), plain, liquid",draft,
583,"Soja, extrato solúvel, pó","Soy, drink (extrato solúvel), powder",draft,
584,"Soja, queijo (tofu)","Soy, tofu",draft,
585,"Tremoço, cru","Lupin (tremoço), raw",draft,
586,"Tremoço, em conserva","Lupin (tremoço), pickled",draft,
587,"Amêndoa, torrada, salgada","Almond, roasted, salted",draft,
588,"Castanha-de-caju, torrada, salgada","Cashew nut, roasted, salted",draft,
589,"Castanha-do-Brasil, crua","Brazil nut, raw",draft,
590,"Coco, cru","Coconut, raw",draft,
591,"Coco, verde, cru","Coconut, green, raw",draft,
592,"Farinha, de mesocarpo de babaçu, crua","Flour, babassu mesocarp, raw",draft,
593,"Gergelim, semente","Sesame, seed",draft,
594,"Linhaça, semente",Flaxseed,draft,
595,"Pinhão, cozido","Pinhão (Araucaria seed), cooked",draft,
596,"Pupunha, cozida","Pupunha (peach palm fruit), cooked",draft,
597,"Noz, crua","Walnut, raw",draft,
