group,foods,linked_foods,unlinked_foods,coverage_percent,type,exactMatch,closeMatch,narrowMatch,broadMatch,relatedMatch
Cereais e derivados,63,52,11,82.5,42,0,0,0,0,10
"Verduras, hortaliças e derivados",99,83,16,83.8,59,0,3,0,0,21
Frutas e derivados,96,73,23,76.0,48,0,1,0,0,24
Gorduras e óleos,14,13,1,92.9,13,0,0,0,0,0
Pescados e frutos do mar,50,30,20,60.0,13,0,7,0,0,10
Carnes e derivados,123,75,48,61.0,52,0,0,0,0,23
Leite e derivados,24,20,4,83.3,17,0,0,0,0,3
Bebidas (alcoólicas e não alcoólicas),14,11,3,78.6,7,0,0,0,0,4
Ovos e derivados,7,5,2,71.4,5,0,0,0,0,0
Produtos açucarados,20,15,5,75.0,10,0,0,0,0,5
Miscelâneas,9,7,2,77.8,5,0,0,0,0,2
Outros alimentos industrializados,5,5,0,100.0,4,0,0,0,0,1
Alimentos preparados,32,12,20,37.5,4,0,0,0,0,8
Leguminosas e derivados,30,26,4,86.7,24,0,0,0,0,2
Nozes e sementes,11,9,2,81.8,8,0,0,0,0,1
TOTAL,597,436,161,73.0,311,0,11,0,0,114
